{"cameraMode":{"drawMode":0,"name":"Shaded","section":"Shading Mode"},"sceneLighting":true,"audioPlay":false,"sceneViewState":{"m_AlwaysRefresh":false,"showFog":true,"showSkybox":true,"showFlares":true,"showImageEffects":true,"showParticleSystems":true,"showVisualEffectGraphs":true,"m_FxEnabled":true},"in2DMode":false,"pivot":{"x":840.283935546875,"y":835.7128295898438,"z":-338.7801818847656},"rotation":{"x":0.025800827890634538,"y":-0.011998246423900128,"z":-0.00022367879864759743,"w":-0.9997203350067139},"size":1203.8201904296875,"orthographic":true}