{"cameraMode":{"drawMode":0,"name":"Shaded","section":"Shading Mode"},"sceneLighting":true,"audioPlay":false,"sceneViewState":{"m_AlwaysRefresh":false,"showFog":true,"showSkybox":true,"showFlares":true,"showImageEffects":true,"showParticleSystems":true,"showVisualEffectGraphs":true,"m_FxEnabled":true},"in2DMode":false,"pivot":{"x":984.1900634765625,"y":694.1321411132813,"z":-336.96453857421877},"rotation":{"x":-0.05315333604812622,"y":-0.9269697070121765,"z":0.14411723613739015,"w":-0.34259259700775149},"size":1496.4639892578125,"orthographic":true}